id,name,domain,entry_kind,description,type,auth_required,cost,license,rate_limit,bulk_available,frequency,lag,geography,mcp_status,mcp_maturity,mcp_package,join_keys,primary_keys,agent_use_cases,homepage_url,docs_url,build_priority,last_verified
arxiv,arXiv,academic,corpus,"Open-access preprint repository for physics, math, CS, quantitative biology, finance, statistics, EE, and economics, with a public metadata API and bulk full-text mirrors.",rest-api; bulk-download; dataset-dump,none,free,CC0,"3 sec between requests, or bursts of 4 req/sec with a 1 sec sleep; max 2000 results/request, 30000 results total via pagination",yes,daily,hours to ~1 day from submission to indexing; OAI-PMH and S3 mirrors lag 1-2 days,global,mcp-exists,community,github.com/blazickjp/arxiv-mcp-server; github.com/openags/paper-search-mcp; github.com/andybrandt/mcp-simple-arxiv; github.com/takashiishida/arxiv-latex-mcp,ARXIV_ID; DOI,ARXIV_ID,preprint discovery; citation chasing in CS and physics; tracking new submissions in a category; fetching full-text PDFs and LaTeX source; author and category browsing,https://arxiv.org/,https://info.arxiv.org/help/api/user-manual.html,medium,2026-06-08
core,CORE,academic,corpus,"World's largest aggregator of open access research papers, harvesting metadata and full text from thousands of repositories and journals globally.",rest-api; bulk-download; dataset-dump,api-key-free,freemium,unknown,10 req per short window anonymous; higher tiered limits with registered API key; institutional members get further uplift,yes,continuous,days-to-weeks from repository deposit to CORE harvest; full dataset snapshot refreshed periodically,global,mcp-needed-high-value,none,,DOI; ARXIV_ID; PMID; ISSN; URL,CORE_ID; CORE_OUTPUT_ID; CORE_DATA_PROVIDER_ID; OAI_ID; MAG_ID,open-access full-text discovery; repository-level harvesting; doi-to-pdf resolution; cross-repository deduplication; bulk corpus construction for nlp,https://core.ac.uk/,https://api.core.ac.uk/docs/v3,medium,2026-06-08
crossref,Crossref,academic,registry,"DOI registration agency and open metadata API for scholarly works, covering ~180M records deposited by member publishers across journals, books, conference proceedings, preprints, and datasets.",rest-api; bulk-download,none,free,CC0,no hard published limit; polite pool via ?mailto= or User-Agent with mailto returns higher-priority routing. Limits announced dynamically in X-Rate-Limit-Limit / X-Rate-Limit-Interval response headers.,yes,continuous (REST API); annual public data file snapshot,minutes to hours for new DOI deposits; abstracts and references depend on publisher submission,global,mcp-exists,community,github.com/JackKuo666/Crossref-MCP-Server; github.com/botanicastudios/crossref-mcp; github.com/h-lu/crossref-cite-mcp,DOI; ISSN; ORCID; ROR,,DOI metadata lookup; reference list extraction; funder and grant attribution; journal coverage checks; DOI minting authority verification,https://www.crossref.org/,https://api.crossref.org/swagger-ui/index.html,medium,2026-06-08
datacite,DataCite,academic,registry,"Global DOI registration agency and metadata graph for research datasets, software, preprints, and other non-article research outputs.",rest-api; bulk-download,none,free,CC0,500 req/5min anon; 1000 req/5min with User-Agent mailto; 3000 req/5min authenticated,yes,continuous (API); annual snapshot (Public Data File),minutes for newly registered DOIs in API; ~1 year for the annual bulk snapshot,global,mcp-exists,community,github.com/pipeworx-io/mcp-datacite,DOI; ORCID; ROR; FUNDER_DOI; URL,DOI; DATACITE_CLIENT_ID; DATACITE_PROVIDER_ID,dataset discovery by DOI; research output lookup for an ORCID or ROR; funder-to-output mapping via FUNDER_DOI; citation graph traversal for non-article outputs; DOI metadata enrichment,https://datacite.org/,https://support.datacite.org/docs/api,medium,2026-06-08
europe-pmc,Europe PMC,academic,corpus,"Open archive of life-sciences literature covering ~48M articles, preprints, and full-text open-access biomedical papers, mirrored from PubMed Central with European deposit and funder linkage.",rest-api; bulk-download; dataset-dump,none,free,CC-BY-4.0,"no hard published cap; polite use expected. Bulk fetches must go through API or FTP, not crawler",yes,weekly,days for new PubMed records; weeks-to-months for full-text deposits,global,mcp-needed-high-value,none,,DOI; PMID; PMCID; ORCID; ROR; ISSN; MESH_TERM; CHEMBL_ID; UNIPROT_ACCESSION; ENSEMBL_ID,EUROPE_PMC_ARTICLE_ID; EUROPE_PMC_SOURCE,"biomedical literature search; full-text open-access retrieval; citation and reference graph traversal; text-mined entity lookup (genes, chemicals, diseases); preprint discovery",https://europepmc.org/,https://europepmc.org/RestfulWebService,high,2026-06-08
openalex,OpenAlex,academic,knowledge-graph,"Open scholarly knowledge graph covering papers, authors, institutions, concepts, topics, and citations across all of academia.",rest-api; bulk-download,none,free,CC0,10 req/sec anon; 100K req/day with polite pool (add ?mailto=),yes,daily,days-to-weeks for newly published works to be indexed,global,mcp-needed-high-value,none,,DOI; PMID; PMCID; ARXIV_ID; ORCID; ROR; ISSN; WIKIDATA_QID; MAG_ID,OPENALEX_WORK_ID; OPENALEX_AUTHOR_ID; OPENALEX_INSTITUTION_ID; OPENALEX_SOURCE_ID,literature search; citation chasing; author disambiguation; institution lookup; concept-tagged retrieval,https://openalex.org/,https://docs.openalex.org/,high,2026-06-08
orcid,ORCID,academic,registry,"Global registry of persistent researcher identifiers linking people to their works, affiliations, funding, and peer review activity.",rest-api; bulk-download,none,free,CC0,"anon: 12 req/sec, 40 burst, 25K reads/day per IP; public-registered: 100K reads/day per client_id",yes,annual,real-time API; annual public data file,global,mcp-exists,community,github.com/cyanheads/orcid-mcp-server; github.com/pipeworx-io/mcp-orcid; github.com/Epistemic-Technology/orcid-mcp; github.com/dmachi/orcid-mcp; github.com/QuentinCody/scholarly-graph-mcp-server,ORCID; DOI; ROR; WIKIDATA_QID,ORCID; ORCID_PUT_CODE,author disambiguation; researcher profile lookup; affiliation history retrieval; cross-source identity stitching; works-by-researcher enumeration,https://orcid.org/,https://info.orcid.org/documentation/,medium,2026-06-08
pubmed,PubMed (NCBI E-utilities),academic,corpus,"NCBI's biomedical literature database (~37M citations from MEDLINE, life-science journals, and online books), exposed via the Entrez E-utilities REST API and annual XML bulk releases.",rest-api; bulk-download; web-ui,api-key-free,free,US-Government-Public-Domain,3 req/sec anon; 10 req/sec with free api_key (higher on request),yes,daily,1-2 days for new citations to appear via E-utilities; annual baseline released at year-end with daily update XML files,global,mcp-exists,community,github.com/gradusnikov/pubmed-search-mcp-server; github.com/JackKuo666/PubMed-MCP-Server; github.com/rikab/PubMed-MCP,PMID; PMCID; DOI; MESH_TERM; ISSN,PMID; ENTREZ_UID,"biomedical literature search; citation-to-fulltext resolution via PMCID; MeSH-tagged retrieval; cross-database walks (PubMed to Gene, Protein, ClinicalTrials, PMC); bibliographic deduplication via PMID",https://pubmed.ncbi.nlm.nih.gov/,https://www.ncbi.nlm.nih.gov/books/NBK25501/,high,2026-06-08
semantic-scholar,Semantic Scholar,academic,knowledge-graph,"Ai2's scholarly knowledge graph covering 214M papers, 79M authors, and 2.49B citations across all disciplines, with paper-recommendation and bulk-snapshot endpoints.",rest-api; bulk-download,api-key-free,free-non-commercial,CC-BY-NC-4.0,"1000 req/sec shared across all anonymous users; 1 req/sec per API key (request via form, raised on review)",yes,weekly,weeks for newly indexed works; citation counts trail publication,global,mcp-exists,community,github.com/akapet00/semantic-scholar-mcp; github.com/smaniches/semantic-scholar-mcp; github.com/FujishigeTemma/semantic-scholar-mcp,DOI; PMID; PMCID; ARXIV_ID,SEMANTIC_SCHOLAR_PAPER_ID; SEMANTIC_SCHOLAR_CORPUS_ID; SEMANTIC_SCHOLAR_AUTHOR_ID,literature search; citation chasing; paper recommendations; influential-citation ranking; tldr summary retrieval,https://www.semanticscholar.org/product/api,https://api.semanticscholar.org/api-docs/,medium,2026-06-08
unpaywall,Unpaywall,academic,registry,"Open database of free, legal open-access (OA) full-text locations for scholarly articles, keyed by DOI.",rest-api; dataset-dump,none,freemium,CC0,100K calls/day per email (soft); requires ?email= identifier on every call,yes,continuous (API); periodic JSONL snapshot,weeks for newly published DOIs to acquire OA locations,global,mcp-needed-low-value,none,,DOI; ISSN,DOI,find legal open-access PDF for a DOI; resolve best OA location across publisher and repository copies; check OA status of a journal or article; enrich bibliographies with OA-availability flags,https://unpaywall.org/,https://unpaywall.org/products/api/v2,low,2026-06-08
ensembl,Ensembl,bio-genomics,knowledge-graph,"Open genome annotation project from EMBL-EBI covering 4,700+ genomes with REST API, BioMart, FTP downloads, and MySQL access.",rest-api; bulk-download; database,none,free,Apache-2.0,15 req/sec per IP soft limit; server returns 429 with Retry-After when exceeded,yes,quarterly,weeks-to-months between assembly publication and inclusion in a release,global,mcp-exists,community,github.com/cyanheads/ensembl-mcp-server; github.com/effieklimi/ensembl-mcp-server; github.com/Augmented-Nature/Ensembl-MCP-Server; github.com/munch-group/ensembl-mcp; github.com/pipeworx-io/mcp-ensembl,ENSEMBL_ID; GENE_SYMBOL; UNIPROT_ACCESSION,ENSEMBL_ID; ENSEMBL_GENE_ID; ENSEMBL_TRANSCRIPT_ID; ENSEMBL_PROTEIN_ID; ENSEMBL_EXON_ID; ENSEMBL_REGULATORY_ID,gene lookup by Ensembl ID or symbol; sequence retrieval; variant effect prediction; ortholog discovery; cross-species comparative genomics,https://www.ensembl.org/,https://rest.ensembl.org/,medium,2026-06-08
gtex,GTEx (Genotype-Tissue Expression),bio-genomics,panel,Reference atlas of tissue-specific gene expression and genetic regulation (eQTL/sQTL) across ~54 human tissues from ~1000 post-mortem donors.,rest-api; bulk-download; dataset-dump,none,free,GTEx-Open-Access,unknown; no published per-IP limit on v2 API,yes,per-release,"years between releases (V8 2017 data, V10 2023 data)",global,mcp-needed-low-value,none,,GENE_SYMBOL; ENSEMBL_ID,GTEX_SUBJECT_ID; GTEX_SAMPLE_ID; GTEX_TISSUE_SITE_DETAIL_ID; GTEX_VARIANT_ID; GTEX_GENCODE_ID,tissue-specific expression lookup; eQTL / sQTL discovery; candidate-gene tissue profiling; regulatory-variant prioritisation; expression-context for GWAS hits,https://www.gtexportal.org/,https://gtexportal.org/api/v2/redoc,low,2026-06-08
gwas-catalog,GWAS Catalog,bio-genomics,registry,"NHGRI-EBI curated catalogue of published genome-wide association studies, variant-trait associations, study metadata, and full summary statistics where available.",rest-api; bulk-download; web-ui,none,free,EMBL-EBI-Terms-of-Use,"no documented hard limit; standard EBI fair-use applies, expect throttling under sustained heavy load",yes,approximately weekly catalogue release; summary-statistics ingest is continuous,weeks-to-months between paper publication and curated inclusion,global,mcp-exists,community,github.com/openpharma-org/gwas-mcp-server; github.com/QuentinCody/gwas-catalog-mcp-server; github.com/koido/gwas-catalog-mcp,PMID; DOI; GENE_SYMBOL; ENSEMBL_ID; EFO_ID,GWAS_CATALOG_STUDY_ACCESSION; GWAS_CATALOG_ASSOCIATION_ID,variant-trait association lookup; study metadata retrieval by PMID or accession; trait-to-gene mapping via EFO; summary-statistics discovery and download; GWAS evidence aggregation for a phenotype,https://www.ebi.ac.uk/gwas/,https://www.ebi.ac.uk/gwas/docs/api,medium,2026-06-08
human-protein-atlas,Human Protein Atlas,bio-genomics,registry,"Open-access atlas of human protein expression across tissues, single cells, brain regions, cancers, and blood, integrating antibody-based imaging with transcriptomics and proteomics.",rest-api; bulk-download; web-ui,none,free,CC-BY-4.0,unspecified; HEAD requests return X-Total-Results; 400 returned on excessive result sets,yes,"annual major release (currently v25.1, May 2026)",release-pegged; reflects Ensembl version at build time (v25.1 = Ensembl 109),global,mcp-needed-low-value,none,,ENSEMBL_ID; UNIPROT_ACCESSION; GENE_SYMBOL,ENSEMBL_ID; HPA_ANTIBODY_ID,protein expression lookup by gene; tissue and single-cell localisation; cancer prognostic marker scan; antibody validation evidence; drug-target characterisation,https://www.proteinatlas.org/,https://www.proteinatlas.org/about/help/dataaccess,low,2026-06-08
ncbi-gene,NCBI Gene,bio-genomics,registry,"NIH-maintained reference database of gene-specific information across all sequenced species, with nomenclature, sequences, maps, pathways, and cross-references.",rest-api; bulk-download; web-ui,api-key-free,free,US-Government-Public-Domain,3 req/sec anon; 10 req/sec with free api_key (higher on request),yes,daily,hours-to-days for new RefSeq annotations; weeks for new species curation,global,mcp-exists,community,github.com/Augmented-Nature/NCBI-Datasets-MCP-Server; github.com/vitorpavinato/ncbi-mcp-server; github.com/noahzeidenberg/ncbi-mcp; github.com/mohammadnajeeb/ncbi_gene_mcp_client,GENE_SYMBOL; ENSEMBL_ID; PMID; MESH_TERM,NCBI_GENE_ID,gene symbol lookup; gene-to-publication mapping; cross-species ortholog discovery; gene-to-pathway annotation; RefSeq/Ensembl ID cross-referencing,https://www.ncbi.nlm.nih.gov/gene,https://www.ncbi.nlm.nih.gov/books/NBK25501/,medium,2026-06-08
ncbi-geo,NCBI GEO,bio-genomics,registry,"NIH/NCBI Gene Expression Omnibus, public repository of microarray, RNA-seq, and other high-throughput functional genomics data with 286k+ series and 8.5M+ samples.",rest-api; bulk-download; web-ui,none,free,US-Government-Public-Domain,3 req/sec anon; 10 req/sec with free NCBI API key (api_key= param),yes,daily,days from submitter release to public availability; embargo dates set by submitters,global,mcp-exists,community,github.com/MCPmed/GEOmcp; github.com/openpharma-org/geo-mcp-server; github.com/musharna/data-aggregator-mcp,PMID; GENE_SYMBOL; MESH_TERM,GSE_ACCESSION; GSM_ACCESSION; GPL_ACCESSION; GDS_ACCESSION; GEO_UID,find expression studies by disease or gene; retrieve sample metadata for a series; link publications to deposited datasets; locate platform annotation for an array; bulk download raw/processed expression matrices,https://www.ncbi.nlm.nih.gov/geo/,https://www.ncbi.nlm.nih.gov/geo/info/geo_paccess.html,medium,2026-06-08
ncbi-sra,NCBI SRA (Sequence Read Archive),bio-genomics,registry,"Largest public repository of high-throughput raw sequencing reads and alignment metadata, run by NCBI/NLM/NIH.",rest-api; bulk-download; database,api-key-free,free,US-Government-Public-Domain,3 req/sec anon; 10 req/sec with NCBI API key (api_key param); higher on request,yes,continuous,hours-to-days after submitter release; embargoed studies appear on disclosed release date,global,mcp-exists,community,github.com/CSI-Genomics-and-Data-Analytics-Core/ncbi-sra-mcp-server; github.com/musharna/data-aggregator-mcp,PMID; PMCID; DOI; MESH_TERM,SRA_RUN_ID; SRA_EXPERIMENT_ID; SRA_SAMPLE_ID; SRA_STUDY_ID; BIOPROJECT_ID; BIOSAMPLE_ID,find sequencing runs for a study or organism; resolve publication to underlying raw reads; bulk metadata pulls for cohort assembly; cross-reference BioProject and BioSample; locate cloud-resident FASTQ/BAM for compute-near-data workflows,https://www.ncbi.nlm.nih.gov/sra,https://www.ncbi.nlm.nih.gov/sra/docs/,medium,2026-06-08
reactome,Reactome,bio-genomics,knowledge-graph,"Free, open-source, curated, and peer-reviewed pathway database covering human biology with orthology projections to model organisms.",rest-api; bulk-download; database,none,free,CC0,unknown,yes,quarterly,months,global,mcp-exists,community,github.com/reactome/reactome-mcp; github.com/Augmented-Nature/Reactome-MCP-Server; github.com/openpharma-org/reactome-mcp-server; github.com/pipeworx-io/mcp-reactome; github.com/ron-42/reactome-mcp-python,UNIPROT_ACCESSION; ENSEMBL_ID; GENE_SYMBOL; CHEMBL_ID; PMID; DOI,REACTOME_STABLE_ID; REACTOME_DB_ID,pathway enrichment analysis; gene-to-pathway lookup; protein interaction context; drug target pathway mapping; cross-species ortholog pathway projection,https://reactome.org/,https://reactome.org/dev,medium,2026-06-08
string-db,STRING,bio-genomics,knowledge-graph,"Database of known and predicted protein-protein interactions across ~12,500 organisms, covering ~59M proteins and 20B+ functional associations from experiments, co-expression, text-mining, and genomic context.",rest-api; bulk-download; dataset-dump,none,free,CC-BY-4.0,no published quota; docs ask that the API only be used for limited or occasional access (use bulk dumps for analysis-scale pulls),yes,major version every 1-2 years (v12.0 current),months between releases; underlying source data refresh varies,global,mcp-exists,community,github.com/Augmented-Nature/STRING-db-MCP-Server; github.com/MCPmed/STRINGmcp; github.com/pipeworx-io/mcp-string-db,UNIPROT_ACCESSION; ENSEMBL_ID; GENE_SYMBOL,STRING_PROTEIN_ID,protein interaction lookup; pathway and complex discovery; functional enrichment; gene-set network construction; homology mapping across species,https://string-db.org/,https://string-db.org/help/api/,medium,2026-06-08
uniprot,UniProt,bio-genomics,registry,"Comprehensive, freely accessible protein sequence and functional annotation resource maintained by the UniProt Consortium (EMBL-EBI, SIB, PIR), with REST API, FTP bulk downloads, and rich cross-references to genomic, structural, and clinical databases.",rest-api; bulk-download; database; web-ui,none,free,CC-BY-4.0,soft; large queries should paginate or use the streaming endpoint. EBI Proteins API caps at 200 req/sec per user.,yes,8-week release cycle,weeks-to-months for newly published proteins to enter Swiss-Prot manual curation; TrEMBL ingests computationally within a release cycle,global,mcp-exists,community,github.com/Augmented-Nature/Augmented-Nature-UniProt-MCP-Server; github.com/TakumiY235/uniprot-mcp-server; github.com/smaniches/uniprot-mcp; github.com/cyanheads/protein-mcp-server; github.com/pipeworx-io/mcp-uniprot; github.com/josefdc/Uniprot-MCP,UNIPROT_ACCESSION; GENE_SYMBOL; ENSEMBL_ID; PMID; DOI; CHEMBL_ID,UNIPROT_ACCESSION; UNIPROTKB_ID; UNIPARC_UPI; UNIREF_ID,protein lookup by accession or gene symbol; sequence retrieval (FASTA); functional annotation and domain features; cross-reference resolution to genomic and structural databases; proteome-wide queries by organism,https://www.uniprot.org/,https://www.uniprot.org/help/api,high,2026-06-08
aact,AACT (Aggregate Analysis of ClinicalTrials.gov),clinical-biotech,registry,"Public PostgreSQL mirror of ClinicalTrials.gov, refreshed daily by CTTI at Duke, with all protocol and results data normalised into ~50 relational tables for SQL analysis.",database; bulk-download,account-required,free-with-registration,AACT-CTTI-Attribution,10 concurrent connections per user account; contact CTTI for elevated limits,yes,daily,nightly load from ClinicalTrials.gov; static monthly snapshots also archived,global,mcp-exists,community,github.com/navisbio/AACT_clinicaltrials_MCP,NCT_ID; EUDRACT_NUMBER; EU_CT_NUMBER; PMID; MESH_TERM,NCT_ID; AACT_STUDY_ID; AACT_SPONSOR_ID; AACT_FACILITY_ID,SQL-style cohort building across trial protocols and results; sponsor and investigator competitive analysis; outcomes and adverse-event aggregation across many trials; condition and intervention landscape mapping via MeSH; drug-pipeline scans joined to PubMed citations,https://aact.ctti-clinicaltrials.org/,https://aact.ctti-clinicaltrials.org/learn_more,medium,2026-06-08
chembl,ChEMBL,clinical-biotech,registry,"Manually curated database of bioactive molecules with drug-like properties, integrating chemistry, bioactivity, and target/genomic data from medicinal chemistry literature and approved drugs.",rest-api; bulk-download; database,none,free,CC-BY-SA-3.0,"unpublished; polite use expected, heavy workloads should use bulk download",yes,approximately every 6-12 months (major releases); Release 37 May 2026,months for newly published bioactivity literature to be curated and released,global,mcp-needed-high-value,none,,CHEMBL_ID; UNIPROT_ACCESSION; DOI; PMID; MESH_TERM,CHEMBL_ID,drug target lookup; bioactivity retrieval; chemical structure search; approved-drug metadata lookup; target-to-compound mapping,https://www.ebi.ac.uk/chembl/,https://chembl.gitbook.io/chembl-interface-documentation,high,2026-06-08
clinicaltrials-gov,ClinicalTrials.gov,clinical-biotech,registry,"US federal registry and results database of publicly and privately supported clinical studies conducted globally, run by the National Library of Medicine.",rest-api; bulk-download; web-ui,none,free,US-Government-Public-Domain,"no published hard cap; documentation requests reasonable use, batching, and caching",yes,daily,registration and results updates depend on sponsor submission cadence; index refresh within ~24h,global,mcp-exists,community,github.com/cyanheads/clinicaltrialsgov-mcp-server; github.com/navisbio/AACT_clinicaltrials_MCP,NCT_ID; EUDRACT_NUMBER; EU_CT_NUMBER; PMID; MESH_TERM,,clinical trial discovery by condition or intervention; sponsor and investigator lookup; eligibility-criteria parsing for patient matching; results and adverse-event extraction; drug-pipeline and competitor scan,https://clinicaltrials.gov/,https://clinicaltrials.gov/data-api/api,medium,2026-06-08
dailymed,DailyMed,clinical-biotech,registry,"NLM's authoritative repository of FDA-submitted Structured Product Labels (SPLs) for prescription, OTC, homeopathic, animal, and other regulated drug products in the US.",rest-api; bulk-download; web-ui,none,free,US-Government-Public-Domain,"not published; GET-only service, paginate via pagesize and page params",yes,"daily, weekly, and monthly delta archives; full snapshots refreshed periodically",days after FDA submission,USA,mcp-exists,community,github.com/RowanErasmus/dailymed-mcp-server; github.com/pipeworx-io/mcp-dailymed; github.com/QuentinCody/dailymed-mcp-server,NDC; RXNORM_CUI,SETID; UNII; FDA_APPLICATION_NUMBER,FDA drug label lookup; NDC to product resolution; RxNorm to product resolution; drug packaging and dosage form discovery; label version history tracking,https://dailymed.nlm.nih.gov/,https://dailymed.nlm.nih.gov/dailymed/app-support-web-services.cfm,medium,2026-06-08
drugbank,DrugBank,clinical-biotech,registry,"Curated drug knowledgebase covering chemistry, pharmacology, targets, interactions, and external identifiers for approved, investigational, and experimental small-molecule and biotech drugs.",rest-api; bulk-download; web-ui,account-required,free-non-commercial,DrugBank-Custom-License,unknown,yes,minor releases every few months; major versions ~yearly,weeks to months between FDA approval and DrugBank entry,global,mcp-exists,community,github.com/openpharma-org/drugbank-mcp-server,CHEMBL_ID; RXNORM_CUI; BNF_CODE; GENE_SYMBOL; UNIPROT_ACCESSION; MESH_TERM; WIKIDATA_QID,DRUGBANK_ID; DRUGBANK_TARGET_ID; DRUGBANK_INTERACTION_ID; DRUGBANK_PATHWAY_ID,"drug pharmacology lookup; drug-drug interaction screening; drug-target resolution; cross-identifier mapping (NDC, RxCUI, ChEMBL, KEGG to DBID); mechanism-of-action retrieval",https://go.drugbank.com/,https://docs.drugbank.com/v1/,medium,2026-06-08
eu-ctis,EU CTIS (Clinical Trials Information System),clinical-biotech,registry,"EU and EEA single-entry-point registry for clinical trials of human medicines under Regulation 536/2014, run by the European Medicines Agency in cooperation with member states and the European Commission.",rest-api; web-ui,none,free,EU-Commission-Reuse-Decision-2011-833,"no published quota; documented as polite, low-volume public use",no,continuous,"sponsor-driven; new trial records and decisions appear once the relevant member state publishes them, typically within days of authorisation",global,mcp-needed-high-value,none,,EU_CT_NUMBER; EUDRACT_NUMBER; WHO_UTN,EU_CT_NUMBER; CTIS_PART_ONE_ID; CTIS_PRODUCT_PK; EU_MP_NUMBER,EU clinical trial discovery by condition or product; sponsor and CRO lookup across EEA; regulatory decision timeline tracking; cross-registry deduplication with ClinicalTrials.gov and ISRCTN; pipeline monitoring for European biotech and pharma,https://euclinicaltrials.eu/,https://euclinicaltrials.eu/about-this-website/,high,2026-06-08
fda-orange-book,FDA Orange Book,clinical-biotech,registry,"FDA's Approved Drug Products with Therapeutic Equivalence Evaluations, the canonical US source for approved drug products, therapeutic equivalence (TE) codes, listed patents, and marketing exclusivity periods.",bulk-download; web-ui; rest-api,none,free,US-Government-Public-Domain,"bulk zip is a static file; openFDA drugsfda mirror: 240 req/min and 1,000 req/day per IP anonymous, 120K/day with free key",yes,monthly,current edition refreshed monthly; daily Cumulative Supplement published between editions,USA,mcp-needed-high-value,,,NDC,FDA_APPLICATION_NUMBER; FDA_PRODUCT_NUMBER; PATENT_NUMBER; TE_CODE; EXCLUSIVITY_CODE,generic-launch timing analysis; therapeutic equivalence lookup; reference listed drug (RLD) identification; drug patent and exclusivity mapping; ANDA pipeline diligence,https://www.accessdata.fda.gov/scripts/cder/ob/,https://www.fda.gov/drugs/drug-approvals-and-databases/orange-book-data-files,high,2026-06-08
fda-purple-book,FDA Purple Book,clinical-biotech,registry,"FDA database of all US-licensed biological products (including biosimilars and interchangeables) with BLA numbers, reference-product relationships, exclusivity dates, and patent listings.",web-ui; bulk-download,none,free,US-Government-Public-Domain,none documented; static monthly CSV/XLSX downloads,yes,monthly,monthly release reflects approvals through prior month,USA,mcp-needed-low-value,none,,,PURPLE_BOOK_BLA_NUMBER; PURPLE_BOOK_LICENSE_NUMBER; PURPLE_BOOK_PRODUCT_NUMBER; PURPLE_BOOK_SUPPLEMENT_NUMBER,biologic licensure lookup; biosimilar and interchangeable identification; reference-product exclusivity tracking; BLA-number resolution to proprietary and proper names; patent-list and exclusivity-expiry monitoring,https://purplebooksearch.fda.gov/,https://purplebooksearch.fda.gov/index.cfm?event=userguide,low,2026-06-08
open-targets,Open Targets,clinical-biotech,knowledge-graph,"Open-access drug target identification and prioritisation platform integrating genetics, genomics, transcriptomics, drugs, animal models, and scientific literature for target-disease association scoring.",rest-api; bulk-download,none,free,CC0-1.0,unknown,yes,quarterly,data refresh follows quarterly release cadence; underlying sources lag per their own schedules,global,mcp-exists,community,github.com/nickzren/opentargets-mcp; github.com/Augmented-Nature/OpenTargets-MCP-Server; github.com/pipeworx-io/mcp-opentargets; github.com/openpharma-org/opentargets-mcp,ENSEMBL_ID; GENE_SYMBOL; UNIPROT_ACCESSION; CHEMBL_ID; EFO_ID; DOI; PMID,ENSEMBL_ID; EFO_ID; CHEMBL_ID; OPEN_TARGETS_VARIANT_ID; OPEN_TARGETS_STUDY_ID,drug target identification; target-disease association scoring; drug repurposing lookups; genetic evidence aggregation; disease ontology mapping,https://platform.opentargets.org/,https://platform-docs.opentargets.org/,medium,2026-06-08
openfda,openFDA,clinical-biotech,mixed,"US FDA Elasticsearch-backed public API and bulk downloads covering drug adverse events, product labeling, NDC directory, recalls, device safety reports, and food enforcement.",rest-api; bulk-download,api-key-free,free,CC0,"240 req/min and 1,000 req/day anonymous per IP; 240 req/min and 120,000 req/day with free API key",yes,"varies by endpoint; many refreshed weekly, some daily",weeks to months for adverse-event reports (FAERS quarterly ingestion); days for recalls and labels,USA,mcp-exists,community,github.com/cmanohar/mcp-openfda; github.com/pipeworx-io/mcp-openfda; npmjs.com/package/@cyanheads/openfda-mcp-server; pypi.org/project/openfda-mcp-server,NDC; RXNORM_CUI; MEDDRA_TERM; NCT_ID,SAFETYREPORTID; FDA_APPLICATION_NUMBER; SPL_SET_ID; SPL_ID; PRODUCT_NDC; PRODUCT_ID; RECALL_NUMBER; K_NUMBER; PMA_NUMBER; MDR_REPORT_KEY; UNII,drug adverse-event signal mining; product label and indication lookup; drug and device recall monitoring; NDC to drug-concept resolution; post-market device safety surveillance,https://open.fda.gov/,https://open.fda.gov/apis/,medium,2026-06-08
google-trends,Google Trends,consumer-signal,time-series,"Google's public search-interest explorer, exposing normalised relative-search-volume time series and geographic breakdowns for any query, topic, or category back to 2004.",web-ui; unofficial-api,none,free,Google-Terms-Of-Service,no documented quota; unofficial pytrends users hit IP throttling after a few hundred sequential calls,no,daily,near-real-time for trending searches; 2-3 day lag for stable historical series,global,fragile-unofficial,none,,DATE; ISO_2; ISO_3; WIKIDATA_QID,KG_MID; GOOGLE_TRENDS_CATEGORY_ID; GOOGLE_TRENDS_GEO_CODE,search-intent measurement; trend detection across topics or brands; cross-region interest comparison; seasonality and event-spike attribution; related-query discovery for content or product research,https://trends.google.com/trends/,https://support.google.com/trends/,low,2026-06-08
hacker-news,Hacker News API,consumer-signal,corpus,"Official Hacker News API exposing every story, comment, job post, Ask HN, Show HN, poll, and user profile as JSON via Firebase, with live update feeds and walk-the-entire-corpus access from item 1.",rest-api,none,free,MIT,no published limit; documentation states 'There is currently no rate limit' but expect Firebase-level throttling under abuse,no,real-time,near real-time; Firebase emits change events within seconds of post/edit/vote,global,mcp-exists,community,github.com/pskill9/hn-server; github.com/devabdultech/hn-mcp; github.com/rawveg/hacker-news-mcp; github.com/karanb192/hn-mcp,URL; DATE,HN_ITEM_ID; HN_USERNAME,tech-community attention signal; launch and Show HN detection; founder and engineer profile lookup; URL discussion discovery; comment-thread sentiment sampling,https://github.com/HackerNews/API,https://github.com/HackerNews/API/blob/master/README.md,medium,2026-06-08
reddit,Reddit Data API,consumer-signal,corpus,"Official Reddit Data API exposing posts, comments, subreddits, users, and votes across the public Reddit network via OAuth2-authenticated REST endpoints.",rest-api,oauth,freemium,Reddit-Data-API-Terms,100 QPM per OAuth client on the free tier; higher quotas on the paid Enterprise tier,no,real-time,seconds-to-minutes for new posts and comments,global,mcp-exists,community,github.com/karanb192/reddit-mcp-buddy; github.com/adhikasp/mcp-reddit; github.com/Arindam200/reddit-mcp; github.com/Hawstein/mcp-server-reddit; github.com/jordanburke/reddit-mcp-server,URL; WIKIDATA_QID,REDDIT_POST_FULLNAME; REDDIT_COMMENT_FULLNAME; SUBREDDIT_NAME; REDDITOR_USERNAME,subreddit and topic monitoring; consumer sentiment and complaint mining; brand and product mention tracking; community discovery; qualitative trend detection,https://www.reddit.com/dev/api/,https://www.reddit.com/dev/api/,medium,2026-06-08
stack-exchange-data-explorer,Stack Exchange Data Explorer,consumer-signal,corpus,"Web-based T-SQL query interface over a weekly read-only snapshot of every public Stack Exchange site (Stack Overflow plus 170+ communities), backed by the same data published as monthly Internet Archive dumps.",web-ui; database; bulk-download,account-required,free,CC-BY-SA-4.0,"no published quotas; queries run against a shared SQL Server replica with a per-query timeout, results capped at 50000 rows",yes,weekly,SEDE database refreshes weekly (typically Sundays); Internet Archive XML dumps refresh roughly quarterly,global,mcp-exists,community,github.com/cyanheads/stackexchange-mcp-server; github.com/pipeworx-io/mcp-stackexchange; github.com/ag2-mcp-servers/stackexchange,URL; DATE; WIKIDATA_QID,SE_POST_ID; SE_USER_ID; SE_ACCOUNT_ID; SE_TAG_ID; SE_COMMENT_ID; SE_BADGE_ID; SE_VOTE_ID; SE_POSTHISTORY_ID; SE_POSTHISTORY_REVISION_GUID; SE_POSTLINK_ID,developer-topic trend analysis; tag co-occurrence and ecosystem mapping; user reputation and expertise lookup; longitudinal Q-and-A volume tracking; language and framework adoption signals,https://data.stackexchange.com/,https://meta.stackexchange.com/questions/2677/database-schema-documentation-for-the-public-data-dump-and-sede,medium,2026-06-08
wikipedia-pageviews,Wikipedia Pageviews API,consumer-signal,time-series,"Wikimedia REST endpoints exposing per-article and aggregate pageview counts for all Wikimedia projects, daily/monthly granularity, back to July 2015.",rest-api; bulk-download,none,free,CC0,100 req/sec per client recommended; set a descriptive User-Agent or contact email per Wikimedia policy,yes,daily,24-48h for daily aggregates; monthly aggregates finalised early next month,global,mcp-needed-high-value,none,,URL; DATE; ISO_3; WIKIDATA_QID,,attention measurement for public events; trend detection across topics or people; cross-language interest comparison; traffic-weighted entity prioritisation; news-cycle decay analysis,https://wikimedia.org/api/rest_v1/,https://doc.wikimedia.org/analytics-api/,medium,2026-06-08
companies-house,Companies House (UK),corporate-registry,registry,"UK statutory register of incorporated companies with profiles, officers, filing history, and persons with significant control.",rest-api; bulk-download,api-key-free,free,OGL-3.0,600 req per 5-minute window per key. HTTP 429 on exceed.,yes,"real-time for filings, monthly for bulk snapshot","minutes for API, ~1 month for bulk",GBR,mcp-needed-high-value,none,,COMPANIES_HOUSE_NUMBER; ISO_3; DATE; URL,COMPANIES_HOUSE_NUMBER; COMPANIES_HOUSE_OFFICER_ID,UK company diligence; KYC; beneficial-ownership tracking; investigative journalism; supply-chain risk analysis,https://www.gov.uk/government/organisations/companies-house,https://developer.company-information.service.gov.uk/,high,2026-06-08
opencorporates,OpenCorporates,corporate-registry,registry,Cross-jurisdiction database of legal entities sourced from 140+ official company registries worldwide.,rest-api; bulk-download; web-ui,api-key-free,freemium,ODbL-1.0,"Free tier: 50 req/day, 200 req/month. Paid tiers from £2,250/yr (500/mo, 200/day) up to enterprise bulk.",yes,"varies by jurisdiction (real-time to monthly, mirrors source registry cadence)",hours-to-weeks; depends on the upstream government registry,global,mcp-needed-high-value,none,,COMPANIES_HOUSE_NUMBER; CIK; ISO_2; ISO_3; DATE; URL; WIKIDATA_QID,OPENCORPORATES_COMPANY_URI; OPENCORPORATES_OFFICER_ID; OPENCORPORATES_STATEMENT_ID,cross-border company diligence; beneficial-ownership tracking; sanctions and KYC screening; investigative journalism; supply-chain entity resolution,https://opencorporates.com/,https://api.opencorporates.com/documentation/API-Reference,high,2026-06-08
sec-edgar,SEC EDGAR,corporate-registry,mixed,"US SEC system of all corporate filings (10-K, 10-Q, 8-K, S-1, 13F, etc.) with company metadata and structured XBRL financial facts.",rest-api; bulk-download; web-ui,none,free,US-Government-Public-Domain,10 req/sec across all data.sec.gov and www.sec.gov endpoints. User-Agent header with contact email required.,yes,real-time for filings dissemination; nightly bulk ZIP refresh (~3am ET),"sub-second for submissions API, under a minute for XBRL APIs",USA,mcp-exists,community,github.com/stefanoamorelli/sec-edgar-mcp; github.com/cyanheads/secedgar-mcp-server; github.com/LuisRincon23/SEC-MCP,CIK; TICKER; DATE; URL,CIK; ACCESSION_NUMBER; SIC; EIN,US public-company diligence; financial-statement extraction; insider-trading and 13F tracking; filing event monitoring; cross-company XBRL benchmarking,https://www.sec.gov/edgar,https://www.sec.gov/search-filings/edgar-application-programming-interfaces,high,2026-06-08
alpha-vantage,Alpha Vantage,finance-markets,time-series,"Realtime and historical market data API covering global equities, FX, crypto, commodities, technical indicators, fundamentals, and macroeconomic series, accessed by ticker symbol with a single query endpoint.",rest-api,api-key-free,freemium,Alpha-Vantage-Proprietary,25 requests per day on the free tier; premium tiers scale to 75-1200 req/min,no,"intraday (1/5/15/30/60 min), daily, weekly, monthly depending on endpoint",end-of-day for free US equities; realtime and 15-minute delayed feeds gated behind premium (NASDAQ-licensed),global,mcp-exists,community,github.com/alphavantage/alpha_vantage_mcp; github.com/berlinbra/alpha-vantage-mcp; github.com/matteoantoci/mcp-alphavantage,TICKER; ISO_3; DATE,ALPHAVANTAGE_FUNCTION; ALPHAVANTAGE_SYMBOL,end-of-day equity price retrieval; FX and crypto price lookup; technical-indicator computation; company fundamentals fetch; macro indicator lookup,https://www.alphavantage.co/,https://www.alphavantage.co/documentation/,medium,2026-06-08
fred,FRED (Federal Reserve Economic Data),finance-markets,time-series,"Aggregated economic and financial time-series database (~800K series) maintained by the Federal Reserve Bank of St. Louis, covering US macro indicators plus international data from BIS, OECD, World Bank, and others.",rest-api; bulk-download; web-ui,api-key-free,free,FRED-Mixed-Source-Terms,120 requests per 60 seconds per API key (per FRED API documentation),yes,"varies by series (daily, weekly, monthly, quarterly, annual)","varies by series; same-day for daily market data, 1-2 months for monthly BLS/BEA releases",USA; global,mcp-exists,community,github.com/stefanoamorelli/fred-mcp-server; github.com/kablewy/fred-mcp-server; github.com/shanehull/fred-mcp; github.com/zachspar/fred-mcp,DATE; ISO_3,FRED_SERIES_ID; FRED_CATEGORY_ID; FRED_RELEASE_ID; FRED_SOURCE_ID; FRED_TAG_NAME,macroeconomic indicator lookup; interest-rate and yield-curve retrieval; inflation and CPI tracking; cross-country comparison; time-series for backtesting and feature engineering,https://fred.stlouisfed.org/,https://fred.stlouisfed.org/docs/api/fred/,medium,2026-06-08
nasdaq-data-link,Nasdaq Data Link,finance-markets,mixed,"Nasdaq-operated marketplace and REST API delivering financial, economic, and alternative time-series and tables data (formerly Quandl), spanning free public-domain datasets and ~400+ premium vendor databases.",rest-api; bulk-download; dataset-dump,api-key-free,freemium,nasdaq-data-link-mixed-vendor-terms,"anonymous: 20 calls / 10 min and 50 calls / day; authenticated free tier: 300 calls / 10 sec, 2,000 calls / 10 min, 50,000 calls / day per published Quandl/Nasdaq limits",yes,"varies by dataset (intraday, daily, weekly, monthly, quarterly, annual)",varies by dataset (real-time for premium feeds; end-of-day for most free/legacy series; many legacy free datasets such as WIKI are frozen and no longer updated),global,mcp-exists,community,github.com/stefanoamorelli/nasdaq-data-link-mcp; pypi.org/project/nasdaq-data-link-mcp-os,TICKER; ISIN; CUSIP; ISO_3; DATE,NASDAQ_DATA_LINK_DATABASE_CODE; NASDAQ_DATA_LINK_DATASET_CODE; NASDAQ_DATA_LINK_VENDOR_CODE; NASDAQ_DATA_LINK_DATATABLE_CODE,end-of-day equity price history; macro and World Bank indicator lookup; retail trading activity (RTAT) tracking; mutual fund and ETF reference data; alternative-data dataset discovery,https://data.nasdaq.com/,https://docs.data.nasdaq.com/,medium,2026-06-08
openfigi,OpenFIGI,finance-markets,registry,"Bloomberg-operated open mapping service that resolves third-party security identifiers (ISIN, CUSIP, SEDOL, ticker) to the Financial Instrument Global Identifier (FIGI) and back.",rest-api,api-key-free,free,Public-Domain-Dedication,"anon: 25 mapping req/min, 10 jobs/req, 5 search-or-filter req/min. With API key: 25 mapping req/6s, 100 jobs/req, 20 search-or-filter req/min.",no,continuous,,global,mcp-exists,community,github.com/urbancanary/openfigi-mcp,FIGI; ISIN; CUSIP; SEDOL; TICKER,FIGI; COMPOSITE_FIGI; SHARE_CLASS_FIGI,"resolve ISIN/CUSIP/SEDOL to FIGI; cross-exchange security normalisation; ticker disambiguation across venues; portfolio identifier reconciliation; enrich security metadata (exchange, security type, market sector)",https://www.openfigi.com/,https://www.openfigi.com/api/documentation,medium,2026-06-08
polygon-io,Polygon.io,finance-markets,time-series,"Multi-asset market data API covering US stocks, options, indices, forex, crypto, and futures with REST, WebSocket, and S3 flat-file delivery.",rest-api; bulk-download,api-key-free,freemium,Polygon-Terms-of-Service,5 req/min on Basic free tier; unlimited on paid Stocks Starter and above,yes,real-time on paid tiers; 15-min delayed on free tier,end-of-day flat files post overnight; reference data refreshed daily,USA; global,mcp-exists,official,github.com/polygon-io/mcp_polygon; github.com/NimbleBrainInc/mcp-massive,TICKER; FIGI; ISIN; CUSIP; CIK; DATE,POLYGON_TICKER; OPRA_OPTION_SYMBOL,intraday OHLC bars; options chain pulls; corporate actions lookup; real-time quote and trade streaming; ticker reference and exchange metadata,https://polygon.io/,https://polygon.io/docs,medium,2026-06-08
yfinance,yfinance,finance-markets,time-series,"Unofficial Python wrapper around Yahoo Finance's undocumented JSON endpoints for historical OHLCV prices, fundamentals, options chains, dividends, splits, and corporate actions.",unofficial-api,none,free,Apache-2.0,"unspecified; Yahoo throttles aggressively on the underlying endpoints and returns HTTP 429 under load. Community guidance: keep concurrent calls low (<5/sec), back off on 429, cache responses.",no,continuous,real-time for end-of-day prices; intraday quotes delayed 15 min for most exchanges,global,fragile-unofficial,,,TICKER; ISIN,YAHOO_SYMBOL; TICKER,"historical OHLCV pulls for equities and ETFs; dividend and split history; fundamentals snapshot (income statement, balance sheet, cash flow); options chain retrieval; quick ticker-to-company-name lookup",https://pypi.org/project/yfinance/,https://ranaroussi.github.io/yfinance/,low,2026-06-08
openstreetmap,OpenStreetMap,geospatial,geospatial,"Crowdsourced global geographic database of roads, buildings, points of interest, boundaries, and natural features, with multiple read/write APIs and weekly planet dumps.",rest-api; bulk-download; dataset-dump,none,free,ODbL-1.0,"OSM editing API: clients blocked if degrading service. Overpass: ~10K queries/day, 1 GB/day per IP. Nominatim: 1 req/sec, custom User-Agent required.",yes,Planet dump weekly (Fridays); daily/hourly/minutely diffs; Overpass minutely; Nominatim daily,minutes for Overpass mirrors of main DB; up to a week for planet snapshot,global,mcp-needed-high-value,none,,OSM_ID; WIKIDATA_QID; WIKIPEDIA_ARTICLE; ISO_3; ISO_2,OSM_ID; OSM_NODE_ID; OSM_WAY_ID; OSM_RELATION_ID; OSM_CHANGESET_ID; OSM_USER_UID,geocoding (address to lat/lon); reverse geocoding (lat/lon to address); point-of-interest lookup by tag; administrative boundary resolution; cross-source feature joins via OSM_ID or WIKIDATA_QID,https://www.openstreetmap.org/,https://wiki.openstreetmap.org/wiki/API,high,2026-06-08
world-bank-open-data,World Bank Open Data,government-open-data,mixed,"World Bank's free catalogue of global development statistics covering 16,000+ indicators across 200+ economies, with REST API, bulk downloads, and an official MCP for the newer Data360 platform.",rest-api; bulk-download; web-ui,none,free,CC-BY-4.0,no published per-key limit; anonymous; backs off on abusive volume,yes,"varies by indicator (annual, quarterly, monthly)",months-to-years (most macro indicators publish 6-18 months after period end),global,mcp-exists,official,github.com/worldbank/data360-mcp; github.com/cyanheads/worldbank-mcp-server; github.com/bhayanak/worldbank-mcp-server,ISO_2; ISO_3,WB_INDICATOR_CODE; WB_TOPIC_ID; WB_SOURCE_ID; WB_INCOMELEVEL; WB_LENDINGTYPE; WB_REGION_CODE,"country macro lookup; cross-country indicator comparison; long-run time series for GDP, population, poverty; development indicator search by topic; economy classification (income group, region)",https://data.worldbank.org/,https://datahelpdesk.worldbank.org/knowledgebase/topics/125589-developer-information,medium,2026-06-08
common-crawl,Common Crawl,news-events,corpus,"Free open repository of monthly web crawls (300B+ pages, 15 years) with raw HTML, metadata, and extracted plaintext available as bulk WARC/WAT/WET files plus a CDX URL index.",bulk-download; rest-api; dataset-dump,none,free,Common-Crawl-Terms-of-Use,"CDX index server: be polite, no published quota ('do not overload'). S3/HTTP bulk: unmetered (anonymous, AWS Open Data).",yes,monthly,~2-4 weeks between crawl start and public availability,global,mcp-exists,community,github.com/arturseo-geo/mcp-common-crawl; github.com/lawriec/mcp-common-crawl,URL; DATE,CC_CRAWL_ID; CC_URLKEY; WARC_FILENAME; WARC_RECORD_OFFSET; WARC_RECORD_LENGTH; CONTENT_DIGEST,web corpus construction; historical page snapshots; backlink and link-graph analysis; domain or URL presence checks across time; LLM pretraining data sourcing,https://commoncrawl.org/,https://commoncrawl.org/get-started,medium,2026-06-08
event-registry,Event Registry,news-events,event-stream,"Commercial news intelligence platform that ingests 150K+ global news sources in 60+ languages, clusters articles into events, and enriches with Wikidata-linked entities, sentiment, and categories.",rest-api,api-key-free,freemium,proprietary-no-redistribution,"Token-based: 2,000 free searches; paid plans start at $90/mo for 5K tokens. 1 token per recent article search (up to 100 articles/req); 5+ tokens for historical years.",no,continuous,minutes from publication,global,mcp-needed-low-value,none,,WIKIDATA_QID; ISO_2; URL; DATE,EVENT_URI; ARTICLE_URI; CONCEPT_URI; SOURCE_URI; CATEGORY_URI,global news monitoring; event clustering across sources; entity-linked narrative tracking; sentiment and category analytics; trending-concept discovery,https://eventregistry.org/,https://newsapi.ai/documentation,low,2026-06-08
gdelt,"GDELT (Global Database of Events, Language, and Tone)",news-events,event-stream,"Open real-time event database extracting people, organizations, locations, themes, and tone from global news media in 100+ languages.",rest-api; bulk-download; database,none,free,GDELT-Open-Data,Not formally published. ~1 req/sec sustained for DOC API; bulk unmetered.,yes,every 15 minutes,~15 minutes,global,mcp-needed-high-value,none,,ISO_3; DATE; URL; WIKIDATA_QID,GLOBALEVENTID; GKGRECORDID; MENTION_IDENTIFIER,geopolitical risk monitoring; narrative tracking; media attention as alpha signal; country-level event nowcasting; sentiment-by-region time series,https://www.gdeltproject.org/,https://www.gdeltproject.org/data.html,high,2026-06-08
newsapi,NewsAPI,news-events,event-stream,"Commercial REST API aggregating current and historic news articles from 150,000+ global publisher sources across 55 countries and 14 languages.",rest-api,api-key-free,freemium,proprietary-newsapi-tos,"100 req/day free dev tier; 250K/mo Business ($449); 2M/mo Advanced ($1,749); unlimited Enterprise",no,continuous,minutes for top headlines; varies by source for Everything endpoint,global,mcp-needed-low-value,none,,URL; DATE,NEWSAPI_SOURCE_ID,breaking news monitoring; keyword-triggered news alerts; publisher-specific feed pulls; topic search across mainstream sources,https://newsapi.org/,https://newsapi.org/docs,low,2026-06-08
who-flunet,WHO FluNet,public-health,time-series,"WHO global influenza surveillance combining weekly reports from ~150 National Influenza Centres into a unified view of virological detections, subtype distribution, and positivity rates.",powerbi-export; web-ui; bulk-download,none,free,CC-BY-NC-SA-3.0-IGO,"not published; dashboard is public, CSV exports are direct download",yes,weekly,~1-2 weeks behind reporting week,global,mcp-needed-low-value,none,,ISO_3; DATE,WHO_REGION_CODE; WHO_HEMISPHERE; INFLUENZA_TYPE_SUBTYPE,global flu surveillance tracking; flu strain mix monitoring; hemisphere-level seasonality analysis; public-health early warning; pandemic readiness intelligence,https://www.who.int/tools/flunet,https://www.who.int/tools/flunet,low,2026-06-08
